{"cameraMode":{"drawMode":0,"name":"Shaded","section":"Shading Mode"},"sceneLighting":false,"audioPlay":false,"sceneViewState":{"showFog":true,"showMaterialUpdate":false,"showSkybox":false,"showFlares":true,"showImageEffects":true,"showParticleSystems":true},"in2DMode":false,"pivot":{"x":36.430633544921878,"y":2.799999952316284,"z":3.959278106689453},"rotation":{"x":0.2579139769077301,"y":0.16684181988239289,"z":-0.04512566700577736,"w":0.9506258368492127},"size":1.0463541746139527,"orthographic":false}