{"cameraMode":{"drawMode":0,"name":"Shaded","section":"Shading Mode"},"sceneLighting":false,"audioPlay":false,"sceneViewState":{"showFog":true,"showMaterialUpdate":false,"showSkybox":false,"showFlares":true,"showImageEffects":true,"showParticleSystems":true},"in2DMode":false,"pivot":{"x":15.340475082397461,"y":2.246809244155884,"z":2.502855062484741},"rotation":{"x":0.1424500048160553,"y":-0.49842146039009097,"z":0.08357114344835282,"w":0.8511031270027161},"size":8.65939712524414,"orthographic":false}